insert into colors (id, code) values (1000, 'Black');
insert into colors (id, code) values (1001, 'White');
insert into colors (id, code) values (1002, 'Yellow');
insert into colors (id, code) values (1003, 'Blue');
insert into colors (id, code) values (1004, 'Red');
insert into colors (id, code) values (1005, 'Purple');
insert into colors (id, code) values (1006, 'Gray');
insert into colors (id, code) values (1007, 'Green');
insert into colors (id, code) values (1008, 'Pink');
insert into colors (id, code) values (1009, 'Gold');
insert into colors (id, code) values (1010, 'Silver');

insert into phones (id, brand, model, price, displaySizeInches, weightGr, lengthMm, widthMm, heightMm, announced, deviceType, os, displayResolution, pixelDensity, displayTechnology, backCameraMegapixels, frontCameraMegapixels, ramGb, internalStorageGb, batteryCapacityMah, talkTimeHours, standByTimeHours, bluetooth, positioning, imageUrl, description) values ('1000', 'ARCHOS', 'ARCHOS 101 G9', null, 10.1, 482, 276.0, 167.0, 12.6, null, 'Tablet', 'Android (4.0)', '1280 x  800', 149, null, null, 1.3, null, 8.0, null, null, null, '2.1, EDR', 'GPS', 'manufacturer/ARCHOS/ARCHOS 101 G9.jpg', 'The ARCHOS 101 G9 is a 10.1'''' tablet, equipped with Google''s open source OS. It offers a multi-core ARM CORTEX A9 processor at 1GHz, 8 or 16GB internal memory, microSD card slot, GPS, Wi-Fi, Bluetooth 2.1, and more.');
insert into phones (id, brand, model, price, displaySizeInches, weightGr, lengthMm, widthMm, heightMm, announced, deviceType, os, displayResolution, pixelDensity, displayTechnology, backCameraMegapixels, frontCameraMegapixels, ramGb, internalStorageGb, batteryCapacityMah, talkTimeHours, standByTimeHours, bluetooth, positioning, imageUrl, description) values ('1001', 'ARCHOS', 'ARCHOS 101 Helium 4G', null, 10.1, 482, 250.0, 174.0, 10.0, null, 'Tablet', 'Android (4.4)', '1280 x  800', 149, 'IPS LCD', 5.0, 0.3, 1.0, 8.0, 6500, null, null, 'Yes', 'GPS, A-GPS', 'manufacturer/ARCHOS/ARCHOS 101 Helium 4G.jpg', 'The ARCHOS 101 Helium 4G is a 10.1" tablet, running Android 4.4. Its specs include 1.5 GHz quad core MediaTek processor, 1 GB RAM, 8 GB storage space, further expandable via microSD card slot, 4G LTE and 2 cameras - 5 MP on the back, and 0.3 MP on the front.');
insert into phones (id, brand, model, price, displaySizeInches, weightGr, lengthMm, widthMm, heightMm, announced, deviceType, os, displayResolution, pixelDensity, displayTechnology, backCameraMegapixels, frontCameraMegapixels, ramGb, internalStorageGb, batteryCapacityMah, talkTimeHours, standByTimeHours, bluetooth, positioning, imageUrl, description) values ('1002', 'Samsung', 'Samsung Hennessy', null, 3.3, 156, 110.85, 59.3, 18.62, null, 'Smart phone', 'Android (4.1)', '320 x  480', 175, null, 5.0, null, null, null, 1500, null, null, 'Yes', 'GPS, A-GPS', 'manufacturer/Samsung/Samsung Hennessy.jpg', 'The dual-screened Android flip phone called the Samsung Hennessy is stuffed with Android 4.1, which means that the dual 3.3 inch screens with 320 x 480 resolution are responsive thanks to Project Butter. A quad-core 1.2GHz CPU is driving the unit while a 1500mAh battery keeps the lights on. There is a microSD slot on board along with dual SIM slots.');
insert into phones (id, brand, model, price, displaySizeInches, weightGr, lengthMm, widthMm, heightMm, announced, deviceType, os, displayResolution, pixelDensity, displayTechnology, backCameraMegapixels, frontCameraMegapixels, ramGb, internalStorageGb, batteryCapacityMah, talkTimeHours, standByTimeHours, bluetooth, positioning, imageUrl, description) values ('1003', 'ARCHOS', 'ARCHOS Diamond 2 Note', 299, 6.0, 156, 158.35, 82.7, 8.7, '2016-02-18 00:00:00', 'Smart phone', 'Android (6.0)', '1440 x  2560', 490, 'IPS LCD', 16.0, 8.0, 3.0, 32.0, 3610, null, null, '4.0', 'GPS, A-GPS', 'manufacturer/ARCHOS/ARCHOS Diamond 2 Note.jpg', 'The Diamond 2 Note is an extra-large smartphone that sports a 6-inch IPS display with 1440 x 2560 pixels (Archos says that this display is "borderless", though we''ll have to see the handset in real life to say if that''s true, at least to some extent). The device also features an 8 MP front-facing camera, 16 MP rear camera with 4K video recording, 3 GB of RAM, 32 GB of internal memory, and a 3610 mAh battery with fast charging.');
insert into phones (id, brand, model, price, displaySizeInches, weightGr, lengthMm, widthMm, heightMm, announced, deviceType, os, displayResolution, pixelDensity, displayTechnology, backCameraMegapixels, frontCameraMegapixels, ramGb, internalStorageGb, batteryCapacityMah, talkTimeHours, standByTimeHours, bluetooth, positioning, imageUrl, description) values ('1004', 'ARCHOS', 'ARCHOS Diamond 2 Plus', 249, 5.5, 156, 148.3, 73.8, 8.3, null, 'Smart phone', 'Android (6.0)', '1080 x  1920', 401, 'IPS LCD', 20.0, 8.0, 4.0, 64.0, 3000, 12.0, 320.0, '4.1', 'GPS, A-GPS', 'manufacturer/ARCHOS/ARCHOS Diamond 2 Plus.jpg', 'The Diamond 2 Plus has a 5.5-inch IPS display with 1080 x 1920 pixels. The handset further offers a Sony-made 20.7 MP rear camera (apparently sans 4K video recording), 8 MP front-facing camera, and a fingerprint scanner on the back. Also on board are 4 GB of RAM, 64 GB of internal memory, a USB Type-C port, and a 3000 mAh battery with quick charge support.');
insert into phones (id, brand, model, price, displaySizeInches, weightGr, lengthMm, widthMm, heightMm, announced, deviceType, os, displayResolution, pixelDensity, displayTechnology, backCameraMegapixels, frontCameraMegapixels, ramGb, internalStorageGb, batteryCapacityMah, talkTimeHours, standByTimeHours, bluetooth, positioning, imageUrl, description) values ('1005', 'ARCHOS', 'ARCHOS Diamond Plus', null, 5.5, 156, 152.6, 76.4, 8.4, null, 'Smart phone', 'Android (5.1)', '1080 x  1920', 401, 'IPS LCD', 16.0, 8.0, 2.0, 16.0, 2850, null, null, '4.0', 'GPS, A-GPS', 'manufacturer/ARCHOS/ARCHOS Diamond Plus.jpg', 'The Archos Diamond Plus sports a 5.5-inch 1080p screen, 1.3-GHz octa-core processor, 2 GB of RAM, 16 GB of storage, a 16-megapixel autofocus camera and an additional 8-megapixel selfie unit on the front.');
insert into phones (id, brand, model, price, displaySizeInches, weightGr, lengthMm, widthMm, heightMm, announced, deviceType, os, displayResolution, pixelDensity, displayTechnology, backCameraMegapixels, frontCameraMegapixels, ramGb, internalStorageGb, batteryCapacityMah, talkTimeHours, standByTimeHours, bluetooth, positioning, imageUrl, description) values ('1006', 'ARCHOS', 'ARCHOS Diamond S', null, 5.0, 156, 145.0, 71.5, 6.5, null, 'Smart phone', 'Android (5.1)', '720 x  1280', 294, 'Super AMOLED', 16.0, 8.0, 2.0, 16.0, 2300, null, null, 'Yes', 'GPS, A-GPS', 'manufacturer/ARCHOS/ARCHOS Diamond S.jpg', 'The ARCHOS Diamond S sports a 5-inch 720p display, 1.3-GHz octa-core processor, 2 GB of RAM, 16 GB of storage, 16 megapixel main camera and an additional 8-megapixel selfie unit on the front.');
insert into phones (id, brand, model, price, displaySizeInches, weightGr, lengthMm, widthMm, heightMm, announced, deviceType, os, displayResolution, pixelDensity, displayTechnology, backCameraMegapixels, frontCameraMegapixels, ramGb, internalStorageGb, batteryCapacityMah, talkTimeHours, standByTimeHours, bluetooth, positioning, imageUrl, description) values ('1007', 'ARCHOS', 'ARCHOS GamePad', null, 7.0, 482, null, null, null, '2012-08-29 00:00:00', 'Tablet', 'Android (4.1)', '1024 x  600', 170, null, null, null, null, 8.0, null, null, null, null, null, 'manufacturer/ARCHOS/ARCHOS GamePad.jpg', 'The Archos GamePad seems to be a fairly slim device with game controls symmetrically positioned on the sides of the 7" display of unknown type and resolution. The tablet looks pretty good, but its gaming-centric design practically destines it to be a dedicated gaming device with additional features. The processor powering the thing will be a 1.6GHz dual-core unit, coupled with a Mali-400 GPU, which should provide enough punch for smooth framerates in those mobile games.\nNow comes the fun part. Running Android 4 ICS, Archos claims that it has developed a special technology for the GamePad, which will automatically map virtual controls to the physical ones. According to the company, this should allow you to use the hardware keys with over 1000 current titles.');
insert into phones (id, brand, model, price, displaySizeInches, weightGr, lengthMm, widthMm, heightMm, announced, deviceType, os, displayResolution, pixelDensity, displayTechnology, backCameraMegapixels, frontCameraMegapixels, ramGb, internalStorageGb, batteryCapacityMah, talkTimeHours, standByTimeHours, bluetooth, positioning, imageUrl, description) values ('1008', 'AT&T', 'AT&T Avail 2', null, 3.5, 156, 117.0, 62.0, 11.0, null, 'Smart phone', 'Android (4.1.1)', '320 x  480', 165, 'TFT', 2.0, null, 0.5, 4.0, 1500, 5.0, 380.0, '3.0', 'GPS, A-GPS', 'manufacturer/AT&T/AT&T Avail 2.jpg', 'The AT&T Avail 2 is a low-end smartphone with version 4.1 of the Android OS. Its specs include a 3.5" display, 3.5" display, 512 MB RAM, 4 GB of native storage and a microSD slot to expand it with up to 32 GB memory, as well as a 2MP main camera.');
insert into phones (id, brand, model, price, displaySizeInches, weightGr, lengthMm, widthMm, heightMm, announced, deviceType, os, displayResolution, pixelDensity, displayTechnology, backCameraMegapixels, frontCameraMegapixels, ramGb, internalStorageGb, batteryCapacityMah, talkTimeHours, standByTimeHours, bluetooth, positioning, imageUrl, description) values ('1009', 'AT&T', 'AT&T Avail', null, 3.5, 156, 116.0, 62.0, 13.0, '2011-10-11 00:00:00', 'Smart phone', 'Android (2.3)', '480 x  320', 165, null, 5.0, null, 0.5, null, 1500, 5.0, 225.0, '2.1', 'GPS', 'manufacturer/AT&T/AT&T Avail.jpg', 'The AT&T Avail is and Android smartphone with a 3.5-inch HVGA color display, 5-megapixel camera, 512MB of ram, Wi-Fi and 512MB of ROM, Bluetooth and multimedia players.');

insert into phone2color (phoneId, colorId) values (1000, 1009);
insert into phone2color (phoneId, colorId) values (1000, 1010);
insert into phone2color (phoneId, colorId) values (1001, 1010);
insert into phone2color (phoneId, colorId) values (1002, 1000);
insert into phone2color (phoneId, colorId) values (1002, 1001);
insert into phone2color (phoneId, colorId) values (1002, 1002);
insert into phone2color (phoneId, colorId) values (1002, 1003);
insert into phone2color (phoneId, colorId) values (1002, 1004);
insert into phone2color (phoneId, colorId) values (1002, 1005);
insert into phone2color (phoneId, colorId) values (1002, 1006);
insert into phone2color (phoneId, colorId) values (1002, 1007);
insert into phone2color (phoneId, colorId) values (1002, 1008);
insert into phone2color (phoneId, colorId) values (1002, 1009);
insert into phone2color (phoneId, colorId) values (1003, 1002);
insert into phone2color (phoneId, colorId) values (1004, 1003);
insert into phone2color (phoneId, colorId) values (1005, 1004);
insert into phone2color (phoneId, colorId) values (1006, 1005);
insert into phone2color (phoneId, colorId) values (1007, 1006);
insert into phone2color (phoneId, colorId) values (1008, 1007);
insert into phone2color (phoneId, colorId) values (1009, 1008);

insert into stocks (phoneId, stock, reserved) values (1000, 1, 11);
insert into stocks (phoneId, stock, reserved) values (1001, 11, 1);
insert into stocks (phoneId, stock, reserved) values (1002, 12, 1);
insert into stocks (phoneId, stock, reserved) values (1003, 13, 2);
insert into stocks (phoneId, stock, reserved) values (1004, 14, 3);
insert into stocks (phoneId, stock, reserved) values (1005, 15, 4);
insert into stocks (phoneId, stock, reserved) values (1006, 16, 5);
insert into stocks (phoneId, stock, reserved) values (1007, 17, 6);
insert into stocks (phoneId, stock, reserved) values (1008, 18, 7);
insert into stocks (phoneId, stock, reserved) values (1009, 19, 8);