insert into colors (id, code) values (1000, 'Black');
insert into colors (id, code) values (1001, 'White');
insert into colors (id, code) values (1002, 'Yellow');
insert into colors (id, code) values (1003, 'Blue');
insert into colors (id, code) values (1004, 'Red');

insert into phones (id, brand, model, price, displaySizeInches, weightGr, lengthMm, widthMm, heightMm, announced, deviceType, os, displayResolution, pixelDensity, displayTechnology, backCameraMegapixels, frontCameraMegapixels, ramGb, internalStorageGb, batteryCapacityMah, talkTimeHours, standByTimeHours, bluetooth, positioning, imageUrl, description) values ('1000', 'ARCHOS', 'ARCHOS 101 G9', 305, 10.1, 482, 276.0, 167.0, 12.6, null, 'Tablet', 'Android (4.0)', '1280 x  800', 149, null, null, 1.3, null, 8.0, null, null, null, '2.1, EDR', 'GPS', 'manufacturer/ARCHOS/ARCHOS 101 G9.jpg', 'The ARCHOS 101 G9 is a 10.1'''' tablet, equipped with Google''s open source OS. It offers a multi-core ARM CORTEX A9 processor at 1GHz, 8 or 16GB internal memory, microSD card slot, GPS, Wi-Fi, Bluetooth 2.1, and more.');
insert into phones (id, brand, model, price, displaySizeInches, weightGr, lengthMm, widthMm, heightMm, announced, deviceType, os, displayResolution, pixelDensity, displayTechnology, backCameraMegapixels, frontCameraMegapixels, ramGb, internalStorageGb, batteryCapacityMah, talkTimeHours, standByTimeHours, bluetooth, positioning, imageUrl, description) values ('1001', 'ARCHOS', 'ARCHOS 101 Helium 4G', 421, 10.1, 482, 250.0, 174.0, 10.0, null, 'Tablet', 'Android (4.4)', '1280 x  800', 149, 'IPS LCD', 5.0, 0.3, 1.0, 8.0, 6500, null, null, 'Yes', 'GPS, A-GPS', 'manufacturer/ARCHOS/ARCHOS 101 Helium 4G.jpg', 'The ARCHOS 101 Helium 4G is a 10.1" tablet, running Android 4.4. Its specs include 1.5 GHz quad core MediaTek processor, 1 GB RAM, 8 GB storage space, further expandable via microSD card slot, 4G LTE and 2 cameras - 5 MP on the back, and 0.3 MP on the front.');
insert into phones (id, brand, model, price, displaySizeInches, weightGr, lengthMm, widthMm, heightMm, announced, deviceType, os, displayResolution, pixelDensity, displayTechnology, backCameraMegapixels, frontCameraMegapixels, ramGb, internalStorageGb, batteryCapacityMah, talkTimeHours, standByTimeHours, bluetooth, positioning, imageUrl, description) values ('1002', 'ARCHOS', 'ARCHOS 101 Internet Tablet', 415, 10.1, 482, null, null, null, null, 'Tablet', 'Android (2.2)', '1024 x  600', 118, 'TFT', null, 0.3, null, 8.0, null, null, null, '2.1, EDR', null, 'manufacturer/ARCHOS/ARCHOS 101 Internet Tablet.jpg', 'Archos 101 Internet Tablet is 10.1" Android running slate with Wi-Fi connectivity. It has 1GHz processor, 0.3MP front camera, HDMI port, 8GB internal memory and supports up to 32GB microSD memory cards.');
insert into phones (id, brand, model, price, displaySizeInches, weightGr, lengthMm, widthMm, heightMm, announced, deviceType, os, displayResolution, pixelDensity, displayTechnology, backCameraMegapixels, frontCameraMegapixels, ramGb, internalStorageGb, batteryCapacityMah, talkTimeHours, standByTimeHours, bluetooth, positioning, imageUrl, description) values ('1003', 'ARCHOS', 'ARCHOS 101 Oxygen', 249, 10.1, 482, 240.0, 172.0, 10.0, null, 'Tablet', 'Android (4.4.4)', '1200 x  1920', 224, 'IPS LCD', 5.0, 2.0, 2.0, 16.0, 7000, null, null, 'Yes', 'GPS, A-GPS', 'manufacturer/ARCHOS/ARCHOS 101 Oxygen.jpg', 'The Archos 101 Oxygen is a tablet that offers a 10.1-inch 1080p display, 1.5 GB of RAM, 16 GB of internal memory, and a quad-core processor.');
insert into phones (id, brand, model, price, displaySizeInches, weightGr, lengthMm, widthMm, heightMm, announced, deviceType, os, displayResolution, pixelDensity, displayTechnology, backCameraMegapixels, frontCameraMegapixels, ramGb, internalStorageGb, batteryCapacityMah, talkTimeHours, standByTimeHours, bluetooth, positioning, imageUrl, description) values ('1004', 'ARCHOS', 'ARCHOS 101 Saphir', 350, 10.1, 482, 265.4, 181.0, 13.4, null, 'Tablet', 'Android (7.0)', '1280 x  800', 149, 'IPS LCD', 5.0, 2.0, 1.0, 16.0, 6000, null, null, 'Yes', 'GPS, A-GPS', 'manufacturer/ARCHOS/ARCHOS 101 Saphir.jpg', 'The front of the Saphir 101 is a 10.1-inch IPS display, and while the resolution of 1280 x 800 isn''t the sharpest around, it should be perfectly serviceable for browsing the web, typing out Word documents, watching videos, etc. Android 7.0 Nougat is powering the 101 right out of the box, and the MediaTek MT8163 CPU and 1GB of RAM should provide enough power as long as you aren''t doing anything too intensive on the machine.');
insert into phones (id, brand, model, price, displaySizeInches, weightGr, lengthMm, widthMm, heightMm, announced, deviceType, os, displayResolution, pixelDensity, displayTechnology, backCameraMegapixels, frontCameraMegapixels, ramGb, internalStorageGb, batteryCapacityMah, talkTimeHours, standByTimeHours, bluetooth, positioning, imageUrl, description) values ('1005', 'ARCHOS', 'ARCHOS 101 Titanium', 360, 10.1, 482, 263.0, 174.0, 10.5, '2013-01-10 00:00:00', 'Tablet', 'Android (4.1)', '1280 x  800', 149, 'IPS LCD', 2.0, null, 1.0, 8.0, null, null, null, 'Yes', null, 'manufacturer/ARCHOS/ARCHOS 101 Titanium.jpg', 'The ARCHOS 101 Titanium offers a 10.1'''' High Definition IPS display, Dual core CPU at 1.6 GHz with Quad core GPU, with 1080p video decoding, Sleek aluminum design and Android 4.1 Jelly Bean with the 700,000 applications on Google Play and the Archos Media Center applications.');
insert into phones (id, brand, model, price, displaySizeInches, weightGr, lengthMm, widthMm, heightMm, announced, deviceType, os, displayResolution, pixelDensity, displayTechnology, backCameraMegapixels, frontCameraMegapixels, ramGb, internalStorageGb, batteryCapacityMah, talkTimeHours, standByTimeHours, bluetooth, positioning, imageUrl, description) values ('1006', 'ARCHOS', 'ARCHOS 101 XS 2', 270, 10.1, 482, 273.0, 169.0, 10.1, '2013-11-06 00:00:00', 'Tablet', 'Android (4.2)', '1280 x  800', 149, 'IPS LCD', 2.0, 2.0, 2.0, 16.0, null, null, null, 'Yes', 'GPS, A-GPS', 'manufacturer/ARCHOS/ARCHOS 101 XS 2.jpg', 'The Archos 101 XS 2 can be used as a stand-alone tablet, but it comes bundled with a hardware keyboard, in which it can be docked. The tablet comes with a quad-core 1.6GHz processor and 2GB of RAM, 16 gigs of storage, 10.1'''' display with 1280 x 800 px resolution, and Android 4.2 out of the box.');
insert into phones (id, brand, model, price, displaySizeInches, weightGr, lengthMm, widthMm, heightMm, announced, deviceType, os, displayResolution, pixelDensity, displayTechnology, backCameraMegapixels, frontCameraMegapixels, ramGb, internalStorageGb, batteryCapacityMah, talkTimeHours, standByTimeHours, bluetooth, positioning, imageUrl, description) values ('1007', 'ARCHOS', 'ARCHOS 101 XS', 330, 10.1, 482, 273.0, 170.0, 8.0, null, 'Tablet', 'Android (4.0.3)', '1280 x  800', 149, null, null, null, 1.0, 16.0, null, null, null, '4.0', 'GPS', 'manufacturer/ARCHOS/ARCHOS 101 XS.jpg', 'Archos 101 XS tabletis the first of manufacturer''s new XS (extra slim) lineup. Archos has put its focus on design and brings a really slim and well looking device with the 101 XS - at 0.31 inches (7.8mm) it’s actually 15% thinner than the new iPad. The weight is 21 ounces, or 600 grams, also lighter than Apple’s tablet. But it seems that the Android-based Archos 101 XS is taking more on the Asus Transformer series than on the iPad. It comes with a brilliantly designed “magnetic coverboard.” This basically is a very slim and light keyboard that doubles as a cover. With it, the Archos 101 XS is still not too thick at 0.51 inches. Slide it to separate it from the tablet and you can use it as a keyboard dock and stand for the tablet. The rest of the specs match the mid of the road tablet nowadays, but can’t compete with high-end kickers like the iPad and say the Transformer Pad Infinity. You get a 10.1-inch 1280x800-pixel display, a dual-core Cortex-A9 processor clocked at 1.5GHz and with PowerVR SGX544 graphics, and 1GB of RAM.');
insert into phones (id, brand, model, price, displaySizeInches, weightGr, lengthMm, widthMm, heightMm, announced, deviceType, os, displayResolution, pixelDensity, displayTechnology, backCameraMegapixels, frontCameraMegapixels, ramGb, internalStorageGb, batteryCapacityMah, talkTimeHours, standByTimeHours, bluetooth, positioning, imageUrl, description) values ('1008', 'ARCHOS', 'ARCHOS 101 neon', 342, 10.1, 482, 272.0, 161.0, 12.1, null, 'Tablet', 'Android (4.2)', '1024 x  600', 118, null, null, null, 1.0, 8.0, null, null, null, 'Yes', 'GPS, A-GPS', 'manufacturer/ARCHOS/ARCHOS 101 neon.jpg', 'The ARCHOS 101 neon is a 10.1-inch tablet with a 1.4 quad-core, 1GB of RAM, 8GB of storage, HDMI and front facing camera.');
insert into phones (id, brand, model, price, displaySizeInches, weightGr, lengthMm, widthMm, heightMm, announced, deviceType, os, displayResolution, pixelDensity, displayTechnology, backCameraMegapixels, frontCameraMegapixels, ramGb, internalStorageGb, batteryCapacityMah, talkTimeHours, standByTimeHours, bluetooth, positioning, imageUrl, description) values ('1009', 'ARCHOS', 'ARCHOS 28 Internet Tablet', null, 2.8, 482, null, null, null, null, 'Tablet', 'Android (2.2)', '240 x  320', 143, 'TFT', null, null, null, 4.0, null, null, null, null, null, 'manufacturer/ARCHOS/ARCHOS 28 Internet Tablet.jpg', 'Archos 28 Internet Tablet is a 2.8" Android 2.2 running slate with Wi-Fi connectivity. It has 800MHz processor, 4GB internal memory, 3.5 mm headset jack, accelerometer, and music player.');
insert into phones (id, brand, model, price, displaySizeInches, weightGr, lengthMm, widthMm, heightMm, announced, deviceType, os, displayResolution, pixelDensity, displayTechnology, backCameraMegapixels, frontCameraMegapixels, ramGb, internalStorageGb, batteryCapacityMah, talkTimeHours, standByTimeHours, bluetooth, positioning, imageUrl, description) values ('1010', 'ARCHOS', 'ARCHOS 32 Internet Tablet', null, 3.2, 482, 105.0, 55.0, 9.0, null, 'Tablet', 'Android (2.2)', '240 x  400', 146, 'TFT', 0.3, null, null, 8.0, null, null, null, '2.1, EDR', null, 'manufacturer/ARCHOS/ARCHOS 32 Internet Tablet.jpg', 'Archos 32 Internet Tablet is a 3.2" Android 2.2 running slate with VGA camera. It has 800MHz processor, Wi-Fi, 8GB internal memory and Bluetooth.');
insert into phones (id, brand, model, price, displaySizeInches, weightGr, lengthMm, widthMm, heightMm, announced, deviceType, os, displayResolution, pixelDensity, displayTechnology, backCameraMegapixels, frontCameraMegapixels, ramGb, internalStorageGb, batteryCapacityMah, talkTimeHours, standByTimeHours, bluetooth, positioning, imageUrl, description) values ('1011', 'ARCHOS', 'ARCHOS 40 Cesium', 99, 4.0, 156, 126.0, 64.0, 10.5, null, 'Smart phone', 'Windows Phone, 8.1', '480 x  800', 233, 'LCD', 5.0, 0.3, 0.5, 4.0, 1950, 9.3, 208.0, 'Yes', 'GPS, A-GPS', 'manufacturer/ARCHOS/ARCHOS 40 Cesium.jpg', 'The Archos 40 Cesium is Archos’ first WP handset, and is an entry-level device. The Archos 40 Cesium runs Windows Phone 8.1, featuring a 4-inch display , a quad-core Snapdragon 200 processor, and three colored back cases.');
insert into phones (id, brand, model, price, displaySizeInches, weightGr, lengthMm, widthMm, heightMm, announced, deviceType, os, displayResolution, pixelDensity, displayTechnology, backCameraMegapixels, frontCameraMegapixels, ramGb, internalStorageGb, batteryCapacityMah, talkTimeHours, standByTimeHours, bluetooth, positioning, imageUrl, description) values ('1012', 'ARCHOS', 'ARCHOS 40 Titanium', 99, 4.0, 156, 125.0, 65.0, 8.5, null, 'Smart phone', 'Android (4.2.2)', '480 x  800', 233, 'TFT', 5.0, 0.3, 0.5, null, 1500, 12.0, 150.0, '3.0, EDR', 'GPS, A-GPS', 'manufacturer/ARCHOS/ARCHOS 40 Titanium.jpg', 'The ARCHOS 40 Titanium is an Android 4.2.2-flaunting phone with a 4'''' display with 480x800 px resolution, 1.3 GHz dual-core CPU, 512 MB RAM, 4 GB ROM, 5 MP rear camera and VGa front shooter.');
insert into phones (id, brand, model, price, displaySizeInches, weightGr, lengthMm, widthMm, heightMm, announced, deviceType, os, displayResolution, pixelDensity, displayTechnology, backCameraMegapixels, frontCameraMegapixels, ramGb, internalStorageGb, batteryCapacityMah, talkTimeHours, standByTimeHours, bluetooth, positioning, imageUrl, description) values ('1013', 'ARCHOS', 'ARCHOS 40b Titanium', 100, 4.0, 156, 125.0, 61.0, 8.5, '2014-02-20 00:00:00', 'Smart phone', 'Android (4.2.2)', '480 x  800', 233, 'IPS LCD', 5.0, 0.3, 0.5, 4.0, 1400, null, null, '3.0, EDR', 'GPS, A-GPS', 'manufacturer/ARCHOS/ARCHOS 40b Titanium.jpg', 'The ARCHOS 40b Titanium is an Android powere phone with a 4-inch IPS display, 1.3GHz dual-core processor, 512 MB of RAM, 4GB of storage, 5-megapixel camera and dual SIM support');
insert into phones (id, brand, model, price, displaySizeInches, weightGr, lengthMm, widthMm, heightMm, announced, deviceType, os, displayResolution, pixelDensity, displayTechnology, backCameraMegapixels, frontCameraMegapixels, ramGb, internalStorageGb, batteryCapacityMah, talkTimeHours, standByTimeHours, bluetooth, positioning, imageUrl, description) values ('1014', 'ARCHOS', 'ARCHOS 43 Internet Tablet', null, 4.3, 482, 135.0, 65.0, 9.0, null, 'Tablet', 'Android (2.2)', '854 x  480', 228, 'TFT', 2.0, null, null, 8.0, null, null, null, '2.1, EDR', null, 'manufacturer/ARCHOS/ARCHOS 43 Internet Tablet.jpg', 'Archos 43 Internet Tablet is 4.3" Android 2.2 running slate with 2MP camera. It has 1GHz processor, Wi-Fi, HDMI port, 8GB internal memory and supports up to 32GB microSD memory cards.');
insert into phones (id, brand, model, price, displaySizeInches, weightGr, lengthMm, widthMm, heightMm, announced, deviceType, os, displayResolution, pixelDensity, displayTechnology, backCameraMegapixels, frontCameraMegapixels, ramGb, internalStorageGb, batteryCapacityMah, talkTimeHours, standByTimeHours, bluetooth, positioning, imageUrl, description) values ('1015', 'ARCHOS', 'ARCHOS 45 Titanium', 130, 4.5, 156, 133.8, 68.2, 10.0, null, 'Smart phone', 'Android (4.2.2)', '480 x  854', 218, 'TFT', 5.0, 0.3, 0.5, null, 1680, null, null, '3.0, EDR', 'GPS, A-GPS', 'manufacturer/ARCHOS/ARCHOS 45 Titanium.jpg', 'The ARCHOS 45 Titanium is a smartphone with Android 4.2.2, 4.5'''' display, 1.3 GHz dual-core processor, 512 MB RAM, microSD card slot and two cams - 5 MP main one, and a 0.3 MP secondary snapper.');
insert into phones (id, brand, model, price, displaySizeInches, weightGr, lengthMm, widthMm, heightMm, announced, deviceType, os, displayResolution, pixelDensity, displayTechnology, backCameraMegapixels, frontCameraMegapixels, ramGb, internalStorageGb, batteryCapacityMah, talkTimeHours, standByTimeHours, bluetooth, positioning, imageUrl, description) values ('1016', 'ARCHOS', 'ARCHOS 45b Helium 4G', null, 4.5, 156, 135.0, 67.0, 9.75, null, 'Smart phone', 'Android (4.4.4)', '480 x  854', 218, 'IPS LCD', 5.0, 0.3, 0.5, 4.0, 1850, null, null, 'Yes', 'GPS, A-GPS', 'manufacturer/ARCHOS/ARCHOS 45b Helium 4G.jpg', 'The ARCHOS 45b Helium 4G is a mid-range device with 4.5" display, 480 x 854 pixels resolution, 1.2 GHz quad core Qualcomm Snapdragon 410 processor, Adreno 305 GPU, 512 MB RAM, 4 GB storage space plus a microSD card slot, 5 MP rear camera and a 0.3 MP camera on the front.');
insert into phones (id, brand, model, price, displaySizeInches, weightGr, lengthMm, widthMm, heightMm, announced, deviceType, os, displayResolution, pixelDensity, displayTechnology, backCameraMegapixels, frontCameraMegapixels, ramGb, internalStorageGb, batteryCapacityMah, talkTimeHours, standByTimeHours, bluetooth, positioning, imageUrl, description) values ('1017', 'ARCHOS', 'ARCHOS 45c Platinum', 129, 4.5, 156, 133.0, 67.5, 8.9, null, 'Smart phone', 'Android (4.4.2)', '480 x  854', 218, 'IPS LCD', 5.0, 2.0, 0.5, 4.0, 1700, null, null, 'Yes', 'GPS, A-GPS', 'manufacturer/ARCHOS/ARCHOS 45c Platinum.jpg', 'The Archos 45c Platinum is an Android smartphone, sporting a 4.5-inch IPS display with 480 x 854 pixels resolution. Not much else is known about it so far.');
insert into phones (id, brand, model, price, displaySizeInches, weightGr, lengthMm, widthMm, heightMm, announced, deviceType, os, displayResolution, pixelDensity, displayTechnology, backCameraMegapixels, frontCameraMegapixels, ramGb, internalStorageGb, batteryCapacityMah, talkTimeHours, standByTimeHours, bluetooth, positioning, imageUrl, description) values ('1018', 'ARCHOS', 'ARCHOS 5 Internet Tablet', null, 4.8, 482, null, null, null, null, 'Tablet', 'Android (1.6)', '480 x  800', 194, 'TFT', null, null, 0.25, 0.16, null, null, null, '2.0, EDR', 'GPS', 'manufacturer/ARCHOS/ARCHOS 5 Internet Tablet.jpg', 'Archos 5 Internet Tablet is 4.8" Android 1.6 running slate with Wi-Fi connectivity. It has 800Mhz processor, GPS,  FM radio, HDMI port, 150GB internal memory and supports up to 32GB microSD memory cards.');
insert into phones (id, brand, model, price, displaySizeInches, weightGr, lengthMm, widthMm, heightMm, announced, deviceType, os, displayResolution, pixelDensity, displayTechnology, backCameraMegapixels, frontCameraMegapixels, ramGb, internalStorageGb, batteryCapacityMah, talkTimeHours, standByTimeHours, bluetooth, positioning, imageUrl, description) values ('1019', 'ARCHOS', 'ARCHOS 50 Cesium', null, 5.0, 156, 147.0, 72.5, 8.5, '2015-08-25 00:00:00', 'Smart phone', 'Windows (10 Mobile)', '720 x  1280', 294, 'IPS LCD', 8.0, 2.0, 1.0, 8.0, 2100, 11.1, 192.0, '4.0', 'GPS, A-GPS', 'manufacturer/ARCHOS/ARCHOS 50 Cesium.jpg', 'The Archos 50 Cesium doesn''t offer the greatest specs around. The handset is powered by a quad-core Qualcomm Snapdragon 210 processor clocked at 1.1 GHz, and sports a 5-inch display with 720 x 1280 pixels. It''s also got a 2 MP front-facing camera, 8 MP rear camera, 1 GB of RAM, 8 GB of expandable storage space, and a 2100 mAh battery. LTE connectivity and dual SIM capabilities are also included.');
insert into phones (id, brand, model, price, displaySizeInches, weightGr, lengthMm, widthMm, heightMm, announced, deviceType, os, displayResolution, pixelDensity, displayTechnology, backCameraMegapixels, frontCameraMegapixels, ramGb, internalStorageGb, batteryCapacityMah, talkTimeHours, standByTimeHours, bluetooth, positioning, imageUrl, description) values ('1020', 'ARCHOS', 'ARCHOS 50 Diamond', 199, 5.0, 156, 146.0, 70.4, 8.0, '2014-10-22 00:00:00', 'Smart phone', 'Android (4.4.4)', '1080 x  1920', 441, 'IPS LCD', 16.0, 8.0, 2.0, 16.0, 2700, null, null, 'Yes', 'GPS, A-GPS', 'manufacturer/ARCHOS/ARCHOS 50 Diamond.jpg', 'The Archos 50 Diamond is the company’s first handset to be powered by a 64-bit, octa-core Snapdragon 615 processor. The 50 Diamond sports a 5-inch IPS display with 1080 x 1920 pixels, LTE connectivity, dual SIM support, an 8 MP front-facing camera, 16 MP rear camera with LED flash, 2 GB of RAM, and 16 GB of expandable internal memory.');

insert into phone2color (phoneId, colorId) values (1000, 1000);
insert into phone2color (phoneId, colorId) values (1001, 1001);
insert into phone2color (phoneId, colorId) values (1002, 1000);
insert into phone2color (phoneId, colorId) values (1006, 1001);
insert into phone2color (phoneId, colorId) values (1009, 1000);
insert into phone2color (phoneId, colorId) values (1010, 1000);
insert into phone2color (phoneId, colorId) values (1011, 1000);
insert into phone2color (phoneId, colorId) values (1011, 1002);
insert into phone2color (phoneId, colorId) values (1011, 1003);
insert into phone2color (phoneId, colorId) values (1014, 1000);
insert into phone2color (phoneId, colorId) values (1016, 1000);
insert into phone2color (phoneId, colorId) values (1017, 1000);
insert into phone2color (phoneId, colorId) values (1017, 1003);
insert into phone2color (phoneId, colorId) values (1017, 1004);
insert into phone2color (phoneId, colorId) values (1018, 1000);
insert into phone2color (phoneId, colorId) values (1020, 1000);
insert into phone2color (phoneId, colorId) values (1020, 1002);

insert into stocks (phoneId, stock, reserved) values (1001, 11, 0);
insert into stocks (phoneId, stock, reserved) values (1002, 12, 1);
insert into stocks (phoneId, stock, reserved) values (1003, 13, 2);
insert into stocks (phoneId, stock, reserved) values (1004, 14, 3);
insert into stocks (phoneId, stock, reserved) values (1005, 15, 4);
insert into stocks (phoneId, stock, reserved) values (1011, 21, 10);
insert into stocks (phoneId, stock, reserved) values (1012, 22, 0);
insert into stocks (phoneId, stock, reserved) values (1013, 23, 1);
insert into stocks (phoneId, stock, reserved) values (1014, 24, 2);
insert into stocks (phoneId, stock, reserved) values (1015, 25, 3);